,0,1,2
0,40133,1324.6,1
1,40163,1324.6,0
2,0.04327,1323.65,0
3,0.04018,1321.75,0
4,0.0375,1310.8,0
5,0.03516,1308.35,0
6,0.03309,1308.35,1
7,0.03125,1308.35,1
8,0.02961,1314.85,0
9,0.02813,1313.8,0
10,0.02679,1326.1,0
11,0.02557,1339.1,0
12,0.02446,1338.65,0
13,0.02344,1338.65,1
14,0.0225,1338.65,1
15,0.02163,1340.5,0
16,0.02083,1327,0
17,0.02009,1322.5,0
18,0.0194,1318.1,0
19,0.01875,1322.5,0
20,40194,1322.5,1
21,40225,1322.5,1
22,40253,1313.3,0
23,40284,1283.3,0
24,40314,1269.4,0
25,40345,1254.5,0
26,40375,1258.75,0
27,40406,1258.75,1
28,40437,1258.75,1
29,40467,1259.5,0
30,40498,1253.45,0
31,40528,1256.5,0
32,0.04808,1261.05,0
33,0.04464,1251.75,0
34,0.04167,1251.75,1
35,0.03906,1251.75,1
36,0.03676,1254.8,0
37,0.03472,1258.2,0
38,0.03289,1269.05,0
39,0.03125,1271.65,0
40,0.02976,1266.05,0
41,0.02841,1266.05,1
42,0.02717,1266.05,1
43,0.02604,1265.55,0
44,0.025,1269.4,0
45,0.02404,1270.5,0
46,0.02315,1266.25,0
47,0.02232,1273,0
48,0.02155,1273,1
49,0.02083,1273,1
50,0.02016,1272,0
51,40559,1288.45,0
52,40590,1303.75,0
53,40618,1301,0
54,40649,1302.8,0
55,40679,1302.8,1
56,40710,1302.8,1
57,40740,1283.05,0
58,40771,1282.35,0
59,40802,1281.4,0
60,40832,1267.5,0
61,40863,1236.45,0
62,40893,1236.45,1
63,0.05288,1236.45,1
64,0.04911,1213.6,0
65,0.04583,1226.95,0
66,0.04297,1229.2,0
67,0.04044,1226.75,0
68,0.03819,1211,0
69,0.03618,1211,1
70,0.03438,1211,1
71,0.03274,1214.25,0
72,0.03125,1212.25,0
73,0.02989,1185.35,0
74,0.02865,1186.1,0
75,0.0275,1187.7,0
76,0.02644,1187.7,1
77,0.02546,1187.7,1
78,0.02455,1187,0
79,0.02371,1186.55,0
80,0.02292,1178.1,0
81,40924,1161.85,0
82,40955,1173.5,0
83,40984,1173.5,1
84,41015,1173.5,1
85,41045,1162.2,0
86,41076,1172.5,0
87,41106,1177.65,0
88,41137,1171.05,0
89,41168,1163.6,0
90,41198,1163.6,1
91,41229,1163.6,1
92,41259,1156.1,0
93,0.05769,1158.55,0
94,0.05357,1162.25,0
95,0.05,1126.95,0
96,0.04688,1131.6,0
97,0.04412,1131.6,1
98,0.04167,1131.6,1
99,0.03947,1136.25,0
100,0.0375,1125.7,0
101,0.03571,1133.65,0
102,0.03409,1131.35,0
103,0.03261,1131.35,0
104,0.03125,1131.35,1
105,0.03,1131.35,1
106,0.02885,1131.35,1
107,0.02778,1131.35,1
108,0.02679,1134.6,0
109,0.02586,1145.9,0
110,0.025,1145.9,0
111,0.02419,1145.9,1
112,36908,1145.9,1
113,36939,1145.9,1
114,36967,1151,0
115,36998,1164.25,0
116,37028,1176.7,0
117,37059,1175.85,0
118,37089,1175.85,1
119,37120,1175.85,1
120,37151,1178.5,0
121,37181,1189.5,0
122,37212,1178.55,0
123,37242,1205.05,0
124,0.00452,1190.35,0
125,0.0042,1190.35,1
126,0.00392,1190.35,1
127,0.00368,1203,0
128,0.00346,1216.05,0
129,0.00327,1214.75,0
130,0.0031,1196.05,0
131,0.00294,1200.55,0
132,0.0028,1200.55,1
133,0.00267,1200.55,1
134,0.00256,1212.85,0
135,0.00245,1216.8,0
136,0.00235,1195,0
137,0.00226,1189.7,0
138,0.00218,1184.85,0
139,0.0021,1184.85,1
140,0.00203,1184.85,1
141,0.00196,1192.8,0
142,0.0019,1212.8,0
143,37273,1203.65,0
144,37304,1221.95,0
145,37332,1215.2,0
146,37363,1215.2,1
147,37393,1215.2,1
148,37424,1226.75,0
149,37454,1231,0
150,37485,1242.1,0
151,37516,1236.8,0
152,37546,1228.3,0
153,37577,1228.3,1
154,37607,1228.3,1
155,0.00905,1222.25,0
156,0.0084,1230.75,0
157,0.00784,1224.4,0
158,0.00735,1240.55,0
159,0.00692,1241.95,0
160,0.00654,1241.95,1
161,0.00619,1241.95,1
162,0.00588,1237.3,0
163,0.0056,1233.2,0
164,0.00535,1236.65,0
165,0.00512,1247.9,0
166,0.0049,1253.65,0
167,0.00471,1253.65,1
168,0.00452,1253.65,1
169,0.00436,1257.2,0
170,0.0042,1255.6,0
171,37638,1240.4,0
172,37669,1238.1,0
173,37697,1226.5,0
174,37728,1226.5,1
175,37758,1226.5,1
176,37789,1230.95,0
177,37819,1216.65,0
178,37850,1209.2,0
179,37881,1206.55,0
180,37911,1202.65,0
181,37942,1202.65,1
182,37972,1202.65,1
183,0.01357,1204.2,0
184,0.01261,1204.6,0
185,0.01176,1198.8,0
186,0.01103,1229.35,0
187,0.01038,1229.6,0
188,0.0098,1229.6,1
189,0.00929,1229.6,1
190,0.00882,1232.4,0
191,0.0084,1241.6,0
192,0.00802,1249.05,0
193,0.00767,1247.5,0
194,0.00735,1247.5,0
195,0.00706,1247.5,1
196,0.00679,1247.5,1
197,0.00654,1257.55,0
198,0.0063,1257.25,0
199,0.00609,1251.1,0
200,0.00588,1248.8,0
201,0.00569,1244.85,0
202,38003,1244.85,1
203,38034,1244.85,1
204,38063,1247.25,0
205,38094,1257.65,0
206,38124,1245.8,0
207,38155,1252.5,0
208,38185,1266.45,0
209,38216,1266.45,1
210,38247,1266.45,1
211,38277,1250.05,0
212,38308,1252.9,0
213,38338,1274.3,0
214,0.0181,1284.15,0
215,0.01681,1284.15,1
216,0.01569,1284.15,1
217,0.01471,1284.15,1
218,0.01384,1284.15,1
219,0.01307,1278.95,0
220,0.01238,1279.05,0
221,0.01176,1282.1,0
222,0.0112,1281.85,0
223,0.0107,1281.85,1
224,0.01023,1281.85,1
225,0.0098,1269.4,0
226,0.00941,1267.8,0
227,0.00905,1261.85,0
228,0.00871,1262.8,0
229,0.0084,1266.45,0
230,0.00811,1266.45,1
231,0.00784,1266.45,1
232,38369,1266.45,1
233,38400,1255.45,0
234,38428,1250.3,0
235,38459,1228.45,0
236,38489,1228.05,0
237,38520,1228.05,1
238,38550,1228.05,1
239,38581,1229.8,0
240,38612,1220.4,0
241,38642,1222.95,0
242,38673,1223.15,0
243,38703,1231.25,0
244,0.02262,1231.25,1
245,0.02101,1231.25,1
246,0.01961,1233.3,0
247,0.01838,1234.2,0
248,0.0173,1257.4,0
249,0.01634,1255.9,0
250,0.01548,1252,0
251,0.01471,1252,1
252,0.01401,1252,1
253,0.01337,1258.85,0
254,0.01279,1260.2,0
255,0.01225,1252.55,0
256,0.01176,1256.95,0
257,0.01131,1265.05,0
258,0.01089,1265.05,1
259,0.0105,1265.05,1
260,0.01014,1265.05,1
261,0.0098,1262.7,0
262,0.00949,1266.2,0
263,38734,1264.85,0
264,38765,1274.95,0
265,38793,1274.95,1
266,38824,1274.95,1
267,38854,1279.95,0
268,38885,1293.5,0
269,38915,1291,0
270,38946,1273.1,0
271,38977,1266.55,0
272,39007,1266.55,1
273,39038,1266.55,1
274,39068,1266.4,0
275,0.02715,1262,0
276,0.02521,1275.5,0
277,0.02353,1254.55,0
278,0.02206,1255.4,0
279,0.02076,1255.4,1
280,0.01961,1255.4,1
281,0.01858,1248.15,0
282,0.01765,1242.2,0
283,0.01681,1242.5,0
284,0.01604,1250.8,0
285,0.01535,1255.7,0
286,0.01471,1255.7,1
287,0.01412,1255.7,1
288,0.01357,1245.25,0
289,0.01307,1249.55,0
290,0.01261,1248,0
291,0.01217,1243.5,0
292,0.01176,1242.25,0
293,39099,1242.25,1
294,39130,1242.25,1
295,39158,1229.25,0
296,39189,1223.75,0
297,39219,1220.3,0
298,39250,1224.9,0
299,39280,1215.65,0
300,39311,1215.65,1
301,39342,1215.65,1
302,39372,1211.9,0
303,39403,1211.05,0
304,39433,1218.8,0
305,0.03167,1218.9,0
306,0.02941,1230.3,0
307,0.02745,1230.3,1
308,0.02574,1230.3,1
309,0.02422,1234.1,0
310,0.02288,1240.75,0
311,0.02167,1242.15,0
312,0.02059,1238.7,0
313,0.01961,1248.55,0
314,0.01872,1248.55,1
315,0.0179,1248.55,1
316,0.01716,1255.55,0
317,0.01647,1254.4,0
318,0.01584,1248.1,0
319,0.01525,1261.1,0
320,0.01471,1264.9,0
321,0.0142,1264.9,1
322,0.01373,1264.9,1
323,0.01328,1267.55,0
324,39464,1270.95,0
325,39495,1269.6,0
326,39524,1268.1,0
327,39555,1257.7,0
328,39585,1257.7,1
329,39616,1257.7,1
330,39646,1258,0
331,39677,1261.8,0
332,39708,1271.05,0
333,39738,1284.4,0
334,39769,1286.1,0
335,39799,1286.1,1
336,0.0362,1286.1,1
337,0.03361,1282.3,0
338,0.03137,1270.3,0
339,0.02941,1272.75,0
340,0.02768,1285.15,0
341,0.02614,1295.8,0
342,0.02477,1295.8,1
343,0.02353,1295.8,1
344,0.02241,1292.9,0
345,0.02139,1284.2,0
346,0.02046,1286.65,0
347,0.01961,1289,0
348,0.01882,1285.3,0
349,0.0181,1285.3,1
350,0.01743,1285.3,1
351,0.01681,1285.3,1
352,0.01623,1318.65,0
353,0.01569,1308.5,0
354,0.01518,1311.75,0
355,39830,1320.4,0
356,39861,1320.4,1
357,39889,1320.4,1
358,39920,1333.1,0
359,39950,1335.55,0
360,39981,1337.85,0
361,40011,1343.5,0
362,40042,1346.25,0
363,40073,1346.25,1
364,40103,1346.25,1
365,40134,1334.2,0
366,40164,1326.5,0
367,0.04072,1327.55,0
368,0.03782,1324.55,0
369,0.03529,1322.85,0
370,0.03309,1322.85,1
371,0.03114,1322.85,1
372,0.02941,1312.1,0
373,0.02786,1309.6,0
374,0.02647,1311.3,0
375,0.02521,1292.1,0
376,0.02406,1294.8,0
377,0.02302,1294.8,1
378,0.02206,1294.8,1
379,0.02118,1293.3,0
380,0.02036,1300.05,0
381,0.01961,1282.55,0
382,0.01891,1283.35,0
383,0.01826,1283.1,0
384,0.01765,1283.1,1
385,40195,1283.1,1
386,40226,1273.7,0
387,40254,1271.25,0
388,40285,1274.25,0
389,40315,1274.5,0
390,40346,1261.8,0
391,40376,1261.8,1
392,40407,1261.8,1
393,40438,1278.75,0
394,40468,1291.4,0
395,40499,1289.25,0
396,40529,1290.25,0
397,0.04525,1299.6,0
398,0.04202,1299.6,1
399,0.03922,1299.6,1
400,0.03676,1303.3,0
401,0.0346,1284.75,0
402,0.03268,1280.2,0
403,0.03096,1286.4,0
404,0.02941,1281.2,0
405,0.02801,1281.2,1
406,0.02674,1281.2,1
407,0.02558,1274.9,0
408,0.02451,1276.45,0
409,0.02353,1275,0
410,0.02262,1273.75,0
411,0.02179,1266.45,0
412,0.02101,1266.45,1
413,0.02028,1266.45,1
414,0.01961,1272,0
415,0.01898,1270.15,0
416,40560,1277.05,0
417,40591,1279.2,0
418,40619,1267.2,0
419,40650,1267.2,1
420,40680,1267.2,1
421,40711,1270.9,0
422,40741,1275.6,0
423,40772,1284,0
424,40803,1284.8,0
425,40833,1284.3,0
426,40864,1284.3,1
427,40894,1284.3,1
428,0.04977,1277.95,0
429,0.04622,1274.6,0
430,0.04314,1282.2,0
431,0.04044,1280,0
432,0.03806,1284.35,0
433,0.03595,1284.35,1
434,0.03406,1284.35,1
435,0.03235,1286.2,0
436,0.03081,1283.3,0
437,0.02941,1286.95,0
438,0.02813,1290.35,0
439,0.02696,1290.5,0
440,0.02588,1290.5,1
441,0.02489,1290.5,1
442,0.02397,1294.9,0
443,0.02311,1291.85,0
444,0.02231,1283.85,0
445,0.02157,1280.2,0
446,40925,1275.5,0
447,40956,1275.5,1
448,40985,1275.5,1
449,41016,1273.45,0
450,41046,1266.3,0
451,41077,1263.7,0
452,41107,1255,0
453,41138,1250.65,0
454,41169,1250.65,1
455,41199,1250.65,1
456,41230,1247.15,0
457,41260,1240.9,0
458,0.0543,1242.65,0
459,0.05042,1251,0
460,0.04706,1254.6,0
461,0.04412,1254.6,1
462,0.04152,1254.6,1
463,0.03922,1260.6,0
464,0.03715,1260.35,0
465,0.03529,1264.55,0
466,0.03361,1264.55,0
467,0.03209,1264.55,0
468,0.03069,1264.55,1
469,0.02941,1264.55,1
470,0.02824,1264.55,1
471,0.02715,1264.55,1
472,0.02614,1279.4,0
473,0.02521,1291,0
474,0.02434,1291,0
475,0.02353,1291,1
476,0.02277,1291,1
477,36909,1291,1
478,36940,1312.05,0
479,36968,1314.9,0
480,36999,1314.5,0
481,37029,1317.15,0
482,37060,1317.15,1
483,37090,1317.15,1
484,37121,1319.95,0
485,37152,1311,0
486,37182,1319.75,0
487,37213,1323.05,0
488,37243,1326.8,0
489,0.00427,1326.8,1
490,0.00397,1326.8,1
491,0.0037,1339.25,0
492,0.00347,1333.85,0
493,0.00327,1335.65,0
494,0.00309,1332.2,0
495,0.00292,1334.95,0
496,0.00278,1334.95,1
497,0.00265,1334.95,1
498,0.00253,1332.6,0
499,0.00242,1333.4,0
500,0.00231,1353.7,0
501,0.00222,1354.95,0
502,0.00214,1353.15,0
503,0.00206,1353.15,1
504,0.00198,1353.15,1
505,0.00192,1343.85,0
506,0.00185,1344.9,0
507,0.00179,1345.05,0
508,37274,1341.35,0
509,37305,1331.15,0
510,37333,1331.15,1
511,37364,1331.15,1
512,37394,1333.6,0
513,37425,1331.4,0
514,37455,1324.65,0
515,37486,1315.45,0
516,37517,1314.1,0
517,37547,1314.1,1
518,37578,1314.1,1
519,37608,1322.3,0
520,0.00855,1325.35,0
521,0.00794,1336.25,0
522,0.00741,1352.45,0
523,0.00694,1352.1,0
524,0.00654,1352.1,1
525,0.00617,1352.1,1
526,0.00585,1346.6,0
527,0.00556,1339.85,0
528,0.00529,1330.5,0
529,0.00505,1328.35,0
530,0.00483,1327.95,0
531,0.00463,1327.95,1
532,0.00444,1327.95,1
533,0.00427,1333.5,0
534,0.00412,1325.75,0
535,0.00397,1317.85,0
536,37639,1307.75,0
537,37670,1322.3,0
538,37698,1322.3,1
539,37729,1322.3,1
540,37759,1320.4,0
541,37790,1331.4,0
542,37820,1329.4,0
543,37851,1321,0
544,37882,1320.6,0
545,37912,1320.6,1
546,37943,1320.6,1
547,37973,1319.15,0
548,0.01282,1322.75,0
549,0.0119,1323.55,0
550,0.01111,1318.75,0
551,0.01042,1310.1,0
552,0.0098,1310.1,1
553,0.00926,1310.1,1
554,0.00877,1312.4,0
555,0.00833,1311,0
556,0.00794,1321.35,0
557,0.00758,1329.15,0
558,0.00725,1346.6,0
559,0.00694,1346.6,1
560,0.00667,1346.6,1
561,0.00641,1352.4,0
562,0.00617,1341.45,0
563,0.00595,1332.45,0
564,0.00575,1323.85,0
565,0.00556,1323.85,1
566,0.00538,1323.85,1
567,38004,1323.85,1
568,38035,1323.85,1
569,38064,1333.45,0
570,38095,1337.3,0
571,38125,1327.7,0
572,38156,1331.2,0
573,38186,1331.2,1
574,38217,1331.2,1
575,38248,1331.95,0
576,38278,1338.95,0
577,38309,1350.75,0
578,38339,1341.35,0
579,0.01709,1343.7,0
580,0.01587,1343.7,1
581,0.01481,1343.7,1
582,0.01389,1349.35,0
583,0.01307,1342.1,0
584,0.01235,1351.45,0
585,0.0117,1348.6,0
586,0.01111,1336.75,0
587,0.01058,1336.75,1
588,0.0101,1336.75,1
589,0.00966,1324.3,0
590,0.00926,1328.85,0
591,0.00889,1321.65,0
592,0.00855,1320.7,0
593,0.00823,1321.5,0
594,0.00794,1321.5,1
595,0.00766,1321.5,1
596,0.00741,1313.2,0
597,38370,1307.1,0
598,38401,1304.2,0
599,38429,1315.05,0
600,38460,1309.4,0
601,38490,1309.4,1
602,38521,1309.4,1
603,38551,1309.4,1
604,38582,1306.6,0
605,38613,1313.85,0
606,38643,1318.8,0
607,38674,1324.35,0
608,38704,1324.35,1
609,0.02137,1324.35,1
610,0.01984,1319.85,0
611,0.01852,1295,0
612,0.01736,1291.25,0
613,0.01634,1289.5,0
614,0.01543,1288.3,0
615,0.01462,1288.3,1
616,0.01389,1288.3,1
617,0.01323,1288.35,0
618,0.01263,1293.05,0
619,0.01208,1289,0
620,0.01157,1304.85,0
621,0.01111,1303.5,0
622,0.01068,1303.5,1
623,0.01029,1303.5,1
624,0.00992,1303.5,1
625,0.00958,1295.5,0
626,0.00926,1300.7,0
627,0.00896,1305.35,0
628,38735,1294.6,0
629,38766,1294.6,1
630,38794,1294.6,1
631,38825,1295.45,0
632,38855,1292.05,0
633,38886,1300.1,0
634,38916,1297.25,0
635,38947,1298.25,0
636,38978,1298.25,1
637,39008,1298.25,1
638,39039,1299.6,0
639,39069,1298.65,0
640,0.02564,1296.15,0
641,0.02381,1302.75,0
642,0.02222,1285.25,0
643,0.02083,1285.25,1
644,0.01961,1285.25,1
645,0.01852,1281.55,0
646,0.01754,1276.15,0
647,0.01667,1274.2,0
648,0.01587,1266.15,0
649,0.01515,1269.15,0
650,0.01449,1269.15,1
651,0.01389,1269.15,1
652,0.01333,1268.7,0
653,0.01282,1260.3,0
654,0.01235,1254.6,0
655,0.0119,1251.55,0
656,0.01149,1250.45,0
657,0.01111,1250.45,1
658,39100,1250.45,1
659,39131,1247.8,0
660,39159,1251.75,0
661,39190,1255.65,0
662,39220,1255.5,0
663,39251,1255.35,0
664,39281,1255.35,1
665,39312,1255.35,1
666,39343,1262.05,0
667,39373,1254,0
668,39404,1251.4,0
669,39434,1245.9,0
670,0.02991,1241.7,0
671,0.02778,1241.7,1
672,0.02593,1241.7,1
673,0.02431,1241.1,0
674,0.02288,1232.8,0
675,0.0216,1224.5,0
676,0.02047,1217.55,0
677,0.01944,1228.75,0
678,0.01852,1228.75,1
679,0.01768,1228.75,1
680,0.01691,1224.95,0
681,0.0162,1228.35,0
682,0.01556,1231.5,0
683,0.01496,1228.25,0
684,0.0144,1223.95,0
685,0.01389,1223.95,1
686,0.01341,1223.95,1
687,0.01296,1223.8,0
688,0.01254,1220.95,0
689,39465,1219,0
690,39496,1215.45,0
691,39525,1216.3,0
692,39556,1216.3,1
693,39586,1216.3,1
694,39617,1209.65,0
695,39647,1212.35,0
696,39678,1209.55,0
697,39709,1214.35,0
698,39739,1214.4,0
699,39770,1214.4,1
700,39800,1214.4,1
701,0.03419,1200.35,0
702,0.03175,1197,0
703,0.02963,1182,0
704,0.02778,1180.4,0
705,0.02614,1178.4,0
706,0.02469,1178.4,1
707,0.02339,1178.4,1
708,0.02222,1184.35,0
709,0.02116,1190.95,0
710,0.0202,1196.65,0
711,0.01932,1192.35,0
712,0.01852,1197.7,0
713,0.01778,1197.7,1
714,0.01709,1197.7,1
715,0.01646,1197.7,1
716,0.01587,1212.25,0
717,0.01533,1204.2,0
718,0.01481,1197.3,0
719,0.01434,1202.45,0
720,39831,1202.45,1
721,39862,1202.45,1
722,39890,1200.05,0
723,39921,1190.85,0
724,39951,1196.7,0
725,39982,1205.15,0
726,40012,1198.9,0
727,40043,1198.9,1
728,40074,1198.9,1
729,40104,1196.6,0
730,40135,1189.85,0
731,40165,1195.6,0
732,0.03846,1209.8,0
733,0.03571,1201.95,0
734,0.03333,1201.95,1
735,0.03125,1201.95,1
736,0.02941,1201.9,0
737,0.02778,1200.2,0
738,0.02632,1203.3,0
739,0.025,1208.35,0
740,0.02381,1198.7,0
741,0.02273,1198.7,1
742,0.02174,1198.7,1
743,0.02083,1202.75,0
744,0.02,1201.9,0
745,0.01923,1194.25,0
746,0.01852,1185.4,0
747,0.01786,1187.25,0
748,0.01724,1187.25,1
749,0.01667,1187.25,1
750,40196,1189.35,0
751,40227,1204.7,0
752,40255,1201.2,0
753,40286,1203.45,0
754,40316,1203.8,0
755,40347,1203.8,1
756,40377,1203.8,1
757,40408,1186.95,0
758,40439,1185.55,0
759,40469,1188.6,0
760,40500,1205.55,0
761,40530,1219.75,0
762,0.04274,1219.75,1
763,0.03968,1219.75,1
764,0.03704,1229.95,0
765,0.03472,1230.7,0
766,0.03268,1229.05,0
767,0.03086,1223,0
768,0.02924,1227.85,0
769,0.02778,1227.85,1
770,0.02646,1227.85,1
771,0.02525,1222.3,0
772,0.02415,1235.95,0
773,0.02315,1230.55,0
774,0.02222,1230.8,0
775,0.02137,1233.85,0
776,0.02058,1233.85,1
777,0.01984,1233.85,1
778,0.01916,1230.8,0
779,0.01852,1225.4,0
780,0.01792,1214.95,0
781,40561,1231.15,0
782,40592,1232.1,0
783,40620,1232.1,1
784,40651,1232.1,1
785,40681,1232.25,0
786,40712,1231.6,0
787,40742,1229.95,0
788,40773,1224.15,0
789,40804,1211.4,0
790,40834,1211.4,1
791,40865,1211.4,1
792,40895,1205.55,0
793,0.04701,1202.1,0
794,0.04365,1203.25,0
795,0.04074,1211.85,0
796,0.03819,1222.4,0
797,0.03595,1222.4,1
798,0.03395,1222.4,1
799,0.03216,1221.6,0
800,0.03056,1223,0
801,0.0291,1226.1,0
802,0.02778,1227.05,0
803,0.02657,1223.65,0
804,0.02546,1223.65,1
805,0.02444,1223.65,1
806,0.0235,1223.4,0
807,0.02263,1221.2,0
808,0.02183,1213.25,0
809,0.02107,1226.25,0
810,0.02037,1217.55,0
811,40926,1217.55,1
812,40957,1217.55,1
813,40986,1230.3,0
814,41017,1240.3,0
815,41047,1235.9,0
816,41078,1242.55,0
817,41108,1243.3,0
818,41139,1243.3,1
819,41170,1243.3,1
820,41200,1245.35,0
821,41231,1245.3,0
822,41261,1245.75,0
823,0.05128,1242.75,0
824,0.04762,1235.35,0
825,0.04444,1235.35,1
826,0.04167,1235.35,1
827,0.03922,1241.65,0
828,0.03704,1246.3,0
829,0.03509,1255,0
830,0.03333,1259.75,0
831,0.03175,1258.15,0
832,0.0303,1258.15,1
833,0.02899,1258.15,1
834,0.02778,1258.15,0
835,0.02667,1258.15,1
836,0.02564,1258.15,1
837,0.02469,1268,0
838,0.02381,1279,0
839,0.02299,1279,1
840,0.02222,1279,1
841,0.02151,1279,0
842,36910,1279,1
843,36941,1282.9,0
844,36969,1290.45,0
845,37000,1279.9,0
846,37030,1279.9,1
847,37061,1279.9,1
848,37091,1292.2,0
849,37122,1286.45,0
850,37153,1288.6,0
851,37183,1291.9,0
852,37214,1288.95,0
853,37244,1288.95,1
854,0.00405,1288.95,1
855,0.00376,1292.75,0
856,0.00351,1294.4,0
857,0.00329,1292.3,0
858,0.0031,1290.7,0
859,0.00292,1284.2,0
860,0.00277,1284.2,1
861,0.00263,1284.2,1
862,0.00251,1279.55,0
863,0.00239,1282.1,0
864,0.00229,1279.8,0
865,0.00219,1283.7,0
866,0.00211,1293.9,0
867,0.00202,1293.9,1
868,0.00195,1293.9,1
869,0.00188,1302.15,0
870,0.00181,1307.55,0
871,0.00175,1310.7,0
872,0.0017,1323.25,0
873,37275,1318.7,0
874,37306,1318.7,1
875,37334,1318.7,1
876,37365,1312.15,0
877,37395,1314.2,0
878,37426,1312.4,0
879,37456,1310,0
880,37487,1314.85,0
881,37518,1314.85,1
882,37548,1314.85,1
883,37579,1306.4,0
884,37609,1310,0
885,0.0081,1312.8,0
886,0.00752,1311.45,0
887,0.00702,1316.55,0
888,0.00658,1316.55,1
889,0.00619,1316.55,1
890,0.00585,1325.5,0
891,0.00554,1334.15,0
892,0.00526,1343.75,0
893,0.00501,1331.25,0
894,0.00478,1329.05,0
895,0.00458,1329.05,1
896,0.00439,1329.05,1
897,0.00421,1331.05,0
898,0.00405,1325.05,0
899,0.0039,1322.85,0
900,0.00376,1319.15,0
901,37640,1311.95,0
902,37671,1311.95,1
903,37699,1311.95,1
904,37730,1285.4,0
905,37760,1283.8,0
906,37791,1285.85,0
907,37821,1285.3,0
908,37852,1296.75,0
909,37883,1296.75,1
910,37913,1296.75,1
911,37944,1292.75,0
912,37974,1297.05,0
913,0.01215,1306.95,0
914,0.01128,1295.55,0
915,0.01053,1303.5,0
916,0.00987,1303.5,1
917,0.00929,1303.5,1
918,0.00877,1305.6,0
919,0.00831,1307.7,0
920,0.00789,1303.7,0
921,0.00752,1309.6,0
922,0.00718,1311.3,0
923,0.00686,1311.3,1
924,0.00658,1311.3,1
925,0.00632,1319.55,0
926,0.00607,1316.3,0
927,0.00585,1309.7,0
928,0.00564,1295.15,0
929,0.00544,1295.4,0
930,0.00526,1295.4,1
931,0.00509,1295.4,1
932,38005,1293.5,0
933,38036,1290.3,0
934,38065,1290.45,0
935,38096,1283.15,0
936,38126,1288.45,0
937,38157,1288.45,1
938,38187,1288.45,1
939,38218,1300,0
940,38249,1303,0
941,38279,1305.45,0
942,38310,1298.8,0
943,38340,1294.3,0
944,0.01619,1294.3,1
945,0.01504,1294.3,1
946,0.01404,1285.65,0
947,0.01316,1276.35,0
948,0.01238,1275.85,0
949,0.0117,1275.7,0
950,0.01108,1275.7,1
951,0.01053,1275.7,1
952,0.01003,1275.7,1
953,0.00957,1275.7,1
954,0.00915,1269.5,0
955,0.00877,1271.65,0
956,0.00842,1280.8,0
957,0.0081,1284.2,0
958,0.0078,1284.2,1
959,0.00752,1284.2,1
960,0.00726,1279.5,0
961,0.00702,1282.3,0
962,38371,1283.8,0
963,38402,1270.95,0
964,38430,1278.55,0
965,38461,1278.55,1
966,38491,1278.55,1
967,38522,1278.55,1
968,38552,1281.2,0
969,38583,1285.2,0
970,38614,1286.1,0
971,38644,1287.1,0
972,38675,1287.1,1
973,38705,1287.1,1
974,0.02024,1295.6,0
975,0.0188,1298.4,0
976,0.01754,1299.1,0
977,0.01645,1291.7,0
978,0.01548,1280.8,0
979,0.01462,1280.8,1
980,0.01385,1280.8,1
981,0.01316,1276.85,0
982,0.01253,1271.15,0
983,0.01196,1273.8,0
984,0.01144,1283.65,0
985,0.01096,1282.5,0
986,0.01053,1282.5,1
987,0.01012,1282.5,1
988,0.00975,1282.5,1
989,0.0094,1278.3,0
990,0.00907,1281.65,0
991,0.00877,1280.95,0
992,0.00849,1295.55,0
993,38736,1295.55,1
994,38767,1295.55,1
995,38795,1317.1,0
996,38826,1324.25,0
997,38856,1335.05,0
998,38887,1335.5,0
999,38917,1340.65,0
1000,38948,1340.65,1
1001,38979,1340.65,1
1002,39009,1328.6,0
1003,39040,1324.3,0
1004,39070,1332.35,0
1005,0.02429,1335.9,0
1006,0.02256,1351.25,0
1007,0.02105,1351.25,1
1008,0.01974,1351.25,1
1009,0.01858,1341.3,0
1010,0.01754,1341.35,0
1011,0.01662,1344.05,0
1012,0.01579,1379.5,0
1013,0.01504,1397.15,0
1014,0.01435,1397.15,1
1015,0.01373,1397.15,1
1016,0.01316,1405.7,0
1017,0.01263,1431.4,0
1018,0.01215,1403.95,0
1019,0.0117,1402.5,0
1020,0.01128,1409,0
1021,0.01089,1409,1
1022,0.01053,1409,1
1023,39101,1390.1,0
1024,39132,1391.05,0
1025,39160,1413.5,0
1026,39191,1414.9,0
1027,39221,1388.65,0
1028,39252,1388.65,1
1029,39282,1388.65,1
1030,39313,1400.1,0
1031,39344,1391.55,0
1032,39374,1408.3,0
1033,39405,1413.75,0
1034,39435,1407.6,0
1035,0.02834,1407.6,1
1036,0.02632,1407.6,1
1037,0.02456,1412.4,0
1038,0.02303,1409.85,0
1039,0.02167,1410.35,0
1040,0.02047,1417.45,0
1041,0.01939,1439.7,0
1042,0.01842,1439.7,1
1043,0.01754,1439.7,1
1044,0.01675,1427.75,0
1045,0.01602,1425.55,0
1046,0.01535,1426.95,0
1047,0.01474,1416.1,0
1048,0.01417,1420.4,0
1049,0.01365,1420.4,1
1050,0.01316,1420.4,1
1051,0.0127,1419.05,0
1052,0.01228,1425.9,0
1053,0.01188,1427.55,0
1054,39466,1406.8,0
1055,39497,1441.75,0
1056,39526,1441.75,1
1057,39557,1441.75,1
1058,39587,1465.25,0
1059,39618,1465.25,0
1060,39648,1506.05,0
1061,39679,1495.75,0
1062,39710,1497.7,0
1063,39740,1497.7,1
1064,39771,1497.7,1
1065,39801,1504.7,0
1066,0.03239,1498.4,0
1067,0.03008,1513.25,0
1068,0.02807,1515.65,0
1069,0.02632,1515.25,0
1070,0.02477,1515.25,1
1071,0.02339,1515.25,1
1072,0.02216,1496.6,0
1073,0.02105,1504.55,0
1074,0.02005,1503.25,0
1075,0.01914,1502.05,0
1076,0.01831,1503.8,0
1077,0.01754,1503.8,1
1078,0.01684,1503.8,1
1079,0.01619,1503.8,1
1080,0.01559,1532.95,0
1081,0.01504,1537.15,0
1082,0.01452,1540.2,0
1083,0.01404,1528.4,0
1084,0.01358,1528.4,1
1085,39832,1528.4,1
1086,39863,1525.95,0
1087,39891,1537.85,0
1088,39922,1546.1,0
1089,39952,1529.1,0
1090,39983,1523.7,0
1091,40013,1523.7,1
1092,40044,1523.7,1
1093,40075,1509.2,0
1094,40105,1498.25,0
1095,40136,1490.65,0
1096,40166,1515.2,0
1097,0.03644,1503.1,0
1098,0.03383,1503.1,1
1099,0.03158,1503.1,1
1100,0.02961,1497.2,0
1101,0.02786,1502.1,0
1102,0.02632,1503.5,0
1103,0.02493,1500.7,0
1104,0.02368,1501.9,0
1105,0.02256,1501.9,1
1106,0.02153,1501.9,1
1107,0.02059,1522.1,0
1108,0.01974,1520.65,0
1109,0.01895,1528.75,0
1110,0.01822,1506.4,0
1111,0.01754,1489.9,0
1112,0.01692,1489.9,1
1113,0.01633,1489.9,1
1114,0.01579,1485.3,0
1115,40197,1473.45,0
1116,40228,1492.6,0
1117,40256,1517.1,0
1118,40287,1499.15,0
1119,40317,1499.15,1
1120,40348,1499.15,1
1121,40378,1501.25,0
1122,40409,1505.85,0
1123,40440,1507.25,0
1124,40470,1494.8,0
1125,40501,1479.15,0
1126,40531,1479.15,1
1127,0.04049,1479.15,1
1128,0.03759,1490.6,0
1129,0.03509,1487.8,0
1130,0.03289,1485.1,0
1131,0.03096,1492.65,0
1132,0.02924,1490,0
1133,0.0277,1490,1
1134,0.02632,1490,1
1135,0.02506,1491.65,0
1136,0.02392,1485.35,0
1137,0.02288,1494.45,0
1138,0.02193,1496.55,0
1139,0.02105,1513.45,0
1140,0.02024,1513.45,1
1141,0.01949,1513.45,1
1142,0.0188,1492.4,0
1143,0.01815,1486.75,0
1144,0.01754,1492.1,0
1145,0.01698,1510.95,0
1146,40562,1508.8,0
1147,40593,1508.8,1
1148,40621,1508.8,1
1149,40652,1509.45,0
1150,40682,1488.95,0
1151,40713,1486.05,0
1152,40743,1484.25,0
1153,40774,1464.15,0
1154,40805,1464.15,1
1155,40835,1464.15,1
1156,40866,1458.7,0
1157,40896,1452.05,0
1158,0.04453,1462.9,0
1159,0.04135,1466.65,0
1160,0.0386,1466.9,0
1161,0.03618,1466.9,1
1162,0.03406,1466.9,1
1163,0.03216,1467.65,0
1164,0.03047,1468.45,0
1165,0.02895,1471.7,0
1166,0.02757,1467.05,0
1167,0.02632,1464.45,0
1168,0.02517,1464.45,1
1169,0.02412,1464.45,1
1170,0.02316,1458.4,0
1171,0.02227,1454.65,0
1172,0.02144,1454.35,0
1173,0.02068,1454.65,0
1174,0.01996,1460.15,0
1175,0.0193,1460.15,1
1176,40927,1460.15,1
1177,40958,1461.15,0
1178,40987,1477.3,0
1179,41018,1475.1,0
1180,41048,1475.95,0
1181,41079,1459.65,0
1182,41109,1459.65,1
1183,41140,1459.65,1
1184,41171,1461.7,0
1185,41201,1464.95,0
1186,41232,1466.8,0
1187,41262,1467.8,0
1188,0.04858,1466.6,0
1189,0.04511,1466.6,1
1190,0.04211,1466.6,1
1191,0.03947,1477.9,0
1192,0.03715,1475.8,0
1193,0.03509,1474.05,0
1194,0.03324,1476.7,0
1195,0.03158,1479,0
1196,0.03008,1479,1
1197,0.02871,1479,1
1198,0.02746,1482.1,0
1199,0.02632,1482.1,0
1200,0.02526,1482.1,1
1201,0.02429,1482.1,1
1202,0.02339,1511.5,0
1203,0.02256,1511.5,1
1204,0.02178,1511.5,1
1205,0.02105,1514.75,0
1206,0.02037,1514.75,0
1207,36911,1514.75,1
1208,36942,1527.1,0
1209,36970,1548.75,0
1210,37001,1548.75,1
1211,37031,1548.75,1
1212,37062,1573.1,0
1213,37092,1567.85,0
1214,37123,1571.95,0
1215,37154,1550.75,0
1216,37184,1553.6,0
1217,37215,1553.6,1
1218,37245,1553.6,1
1219,0.00385,1549.9,0
1220,0.00357,1545.1,0
1221,0.00333,1549,0
1222,0.00313,1554.55,0
1223,0.00294,1557.6,0
1224,0.00278,1557.6,1
1225,0.00263,1557.6,1
1226,0.0025,1560.15,0
1227,0.00238,1551.3,0
1228,0.00227,1556.9,0
1229,0.00217,1562.9,0
1230,0.00208,1564.3,0
1231,0.002,1564.3,1
1232,0.00192,1564.3,1
1233,0.00185,1580.1,0
1234,0.00179,1574,0
1235,0.00172,1573.45,0
1236,0.00167,1578.25,0
1237,0.00161,1584.2,0
1238,37276,1584.2,1
1239,37307,1584.2,1
1240,37335,1574.75,0
1241,37366,1558.35,0
1242,37396,1553.3,0
1243,37427,1563.3,0
1244,37457,1572.65,0
1245,37488,1572.65,1
1246,37519,1572.65,1
1247,37549,1573.2,0
1248,37580,1570.5,0
1249,37610,1563.7,0
1250,0.00769,1575.05,0
1251,0.00714,1581.4,0
1252,0.00667,1581.4,1
1253,0.00625,1581.4,1
1254,0.00588,1580.8,0
1255,0.00556,1589.85,0
1256,0.00526,1604.2,0
1257,0.005,1619,0
1258,0.00476,1643.3,0
1259,0.00455,1643.3,1
1260,0.00435,1643.3,1
1261,0.00417,1671.65,0
1262,0.004,1650.3,0
1263,0.00385,1634.9,0
1264,0.0037,1652,0
1265,0.00357,1609.85,0
1266,0.00345,1609.85,1
1267,37641,1609.85,1
1268,37672,1599.65,0
1269,37700,1615.5,0
1270,37731,1641.85,0
1271,37761,1659.6,0
1272,37792,1683.65,0
1273,37822,1683.65,1
1274,37853,1683.65,1
1275,37884,1672.5,0
1276,37914,1655.7,0
1277,37945,1653.75,0
1278,37975,1570.7,0
1279,0.01154,1562.8,0
1280,0.01071,1562.8,1
1281,0.01,1562.8,1
1282,0.00937,1487.7,0
1283,0.00882,1536.2,0
1284,0.00833,1498.2,0
1285,0.00789,1474.25,0
1286,0.0075,1494.4,0
1287,0.00714,1494.4,1
1288,0.00682,1494.4,1
1289,0.00652,1525.4,0
1290,0.00625,1605.75,0
1291,0.006,1605.45,0
1292,0.00577,1634.8,0
1293,0.00556,1617.3,0
1294,0.00536,1617.3,1
1295,0.00517,1617.3,1
1296,0.005,1618.3,0
1297,0.00484,1608.95,0
1298,38006,1576.55,0
1299,38037,1616.8,0
1300,38066,1613.1,0
1301,38097,1613.1,1
1302,38127,1613.1,1
1303,38158,1648.3,0
1304,38188,1649.25,0
1305,38219,1647.8,0
1306,38250,1680.65,0
1307,38280,1680.65,1
1308,38311,1680.65,1
1309,38341,1680.65,1
1310,0.01538,1680.65,1
1311,0.01429,1741.9,0
1312,0.01333,1718.65,0
1313,0.0125,1729.5,0
1314,0.01176,1692.55,0
1315,0.01111,1692.55,1
1316,0.01053,1692.55,1
1317,0.01,1686.2,0
1318,0.00952,1682.05,0
1319,0.00909,1710.55,0
1320,0.0087,1736.25,0
1321,0.00833,1715.9,0
1322,0.008,1715.9,1
1323,0.00769,1715.9,1
1324,0.00741,1714.95,0
1325,0.00714,1691.55,0
1326,0.0069,1703.35,0
1327,0.00667,1702.75,0
1328,38372,1686.25,0
1329,38403,1686.25,1
1330,38431,1686.25,1
1331,38462,1709.1,0
1332,38492,1699.55,0
1333,38523,1691.5,0
1334,38553,1704.05,0
1335,38584,1704.05,1
1336,38615,1704.05,1
1337,38645,1704.05,1
1338,38676,1702.75,0
1339,38706,1702.4,0
1340,0.01923,1708.4,0
1341,0.01786,1731.6,0
1342,0.01667,1735.35,0
1343,0.01562,1735.35,1
1344,0.01471,1735.35,1
1345,0.01389,1734.7,0
1346,0.01316,1737.95,0
1347,0.0125,1748.3,0
1348,0.0119,1724.9,0
1349,0.01136,1733.55,0
1350,0.01087,1733.55,1
1351,0.01042,1733.55,1
1352,0.01,1733.55,1
1353,0.00962,1720.25,0
1354,0.00926,1694.6,0
1355,0.00893,1717.35,0
1356,0.00862,1728.7,0
1357,0.00833,1728.7,1
1358,0.00806,1728.7,1
1359,38737,1730.6,0
1360,38768,1742.15,0
1361,38796,1705.35,0
1362,38827,1700.05,0
1363,38857,1683.45,0
1364,38888,1683.45,1
1365,38918,1683.45,1
1366,38949,1690.35,0
1367,38980,1713.5,0
1368,39010,1722.05,0
1369,39041,1738.25,0
1370,39071,1733.5,0
1371,0.02308,1733.5,1
1372,0.02143,1733.5,1
1373,0.02,1710.45,0
1374,0.01875,1719.85,0
1375,0.01765,1724.35,0
1376,0.01667,1719.5,0
1377,0.01579,1734.75,0
1378,0.015,1734.75,1
1379,0.01429,1734.75,1
1380,0.01364,1761.85,0
1381,0.01304,1768.9,0
1382,0.0125,1766.05,0
1383,0.012,1756.55,0
1384,0.01154,1747.6,0
1385,0.01111,1747.6,1
1386,0.01071,1747.6,1
1387,0.01034,1771.6,0
1388,0.01,1768.1,0
1389,39102,1771.05,0
1390,39133,1777.45,0
1391,39161,1772.9,0
1392,39192,1772.9,1
1393,39222,1772.9,1
1394,39253,1787.9,0
1395,39283,1789.55,0
1396,39314,1811.1,0
1397,39345,1812.1,0
1398,39375,1803.1,0
1399,39406,1803.1,1
1400,39436,1803.1,1
1401,0.02692,1807.5,0
1402,0.025,1801.9,0
1403,0.02333,1804.6,0
1404,0.02187,1807.7,0
1405,0.02059,1807.35,0
1406,0.01944,1807.35,1
1407,0.01842,1807.35,1
1408,0.0175,1815.65,0
1409,0.01667,1842.55,0
1410,0.01591,1852.4,0
1411,0.01522,1878.3,0
1412,0.01458,1902.1,0
1413,0.014,1902.1,1
1414,0.01346,1902.1,1
1415,0.01296,1936.65,0
1416,0.0125,1940.9,0
1417,0.01207,1950.9,0
1418,0.01167,1957.65,0
1419,0.01129,1964.9,0
1420,39467,1964.9,1
1421,39498,1964.9,1
1422,39527,1958.55,0
1423,39558,1977.9,0
1424,39588,2048.15,0
1425,39619,2067.15,0
1426,39649,2031.15,0
1427,39680,2031.15,1
1428,39711,2031.15,1
1429,39741,2044.5,0
1430,39772,1939.65,0
1431,39802,1931.9,0
1432,0.03077,1944.25,0
1433,0.02857,1944.75,0
1434,0.02667,1944.75,1
1435,0.025,1944.75,1
1436,0.02353,1972.85,0
1437,0.02222,2008.75,0
1438,0.02105,1981,0
1439,0.02,1927.15,0
1440,0.01905,1924.35,0
1441,0.01818,1924.35,1
1442,0.01739,1924.35,1
1443,0.01667,1943.95,0
1444,0.016,1911.15,0
1445,0.01538,1932.95,0
1446,0.01481,1923.85,0
1447,0.01429,1957.35,0
1448,0.01379,1957.35,1
1449,0.01333,1957.35,1
1450,0.0129,1957.35,1
1451,39833,1972.35,0
1452,39864,1947.05,0
1453,39892,1940.45,0
1454,39923,1926.3,0
1455,39953,1926.3,1
1456,39984,1926.3,1
1457,40014,1928.45,0
1458,40045,1910.95,0
1459,40076,1947.2,0
1460,40106,1966.25,0
1461,40137,1947.4,0
1462,40167,1947.4,1
1463,0.03462,1947.4,1
1464,0.03214,1958.7,0
1465,0.03,1949.35,0
1466,0.02813,1961.8,0
1467,0.02647,1936.25,0
1468,0.025,1950.85,0
1469,0.02368,1950.85,1
1470,0.0225,1950.85,1
1471,0.02143,1909.35,0
1472,0.02045,1906,0
1473,0.01957,1873.4,0
1474,0.01875,1861.75,0
1475,0.018,1859.7,0
1476,0.01731,1859.7,1
1477,0.01667,1859.7,1
1478,0.01607,1864.3,0
1479,0.01552,1883.95,0
1480,0.015,1886.9,0
1481,40198,1902,0
1482,40229,1903.05,0
1483,40257,1903.05,1
1484,40288,1903.05,1
1485,40318,1909.6,0
1486,40349,1913.4,0
1487,40379,1884.5,0
1488,40410,1887.45,0
1489,40441,1923.25,0
1490,40471,1923.25,1
1491,40502,1923.25,1
1492,40532,1925.5,0
1493,0.03846,1891.3,0
1494,0.03571,1910.05,0
1495,0.03333,1891.9,0
1496,0.03125,1905.05,0
1497,0.02941,1905.05,1
1498,0.02778,1905.05,1
1499,0.02632,1905.6,0
1500,0.025,1898.4,0
1501,0.02381,1924.15,0
1502,0.02273,1900.95,0
1503,0.02174,1903.65,0
1504,0.02083,1903.65,1
1505,0.02,1903.65,1
1506,0.01923,1898.45,0
1507,0.01852,1905.7,0
1508,0.01786,1869.95,0
1509,0.01724,1870.3,0
1510,0.01667,1881.85,0
1511,0.01613,1881.85,1
1512,40563,1881.85,1
1513,40594,1889.9,0
1514,40622,1908.3,0
1515,40653,1900.15,0
1516,40683,1938.45,0
1517,40714,1940.8,0
1518,40744,1940.8,1
1519,40775,1940.8,1
1520,40806,1867.3,0
1521,40836,1878.7,0
1522,40867,1860.95,0
1523,40897,1874.85,0
1524,0.04231,1890.9,0
1525,0.03929,1890.9,1
1526,0.03667,1890.9,1
1527,0.03438,1885.6,0
1528,0.03235,1889.05,0
1529,0.03056,1876.1,0
1530,0.02895,1857.35,0
1531,0.0275,1875.7,0
1532,0.02619,1875.7,1
1533,0.025,1875.7,1
1534,0.02391,1840.2,0
1535,0.02292,1799.6,0
1536,0.022,1810.2,0
1537,0.02115,1807.4,0
1538,0.02037,1779.3,0
1539,0.01964,1779.3,1
1540,0.01897,1779.3,1
1541,0.01833,1762.55,0
1542,40928,1810.75,0
1543,40959,1822.6,0
1544,40988,1832.35,0
1545,41019,1843,0
1546,41049,1843,1
1547,41080,1843,1
1548,41110,1859.95,0
1549,41141,1868.15,0
1550,41172,1841.75,0
1551,41202,1844.35,0
1552,41233,1842,0
1553,41263,1842,1
1554,0.04615,1842,1
1555,0.04286,1831.15,0
1556,0.04,1850.65,0
1557,0.0375,1851.95,0
1558,0.03529,1890.75,0
1559,0.03333,1879.75,0
1560,0.03158,1879.75,1
1561,0.03,1879.75,1
1562,0.02857,1880,0
1563,0.02727,1877.1,0
1564,0.02609,1875,0
1565,0.025,1875,0
1566,0.024,1875,1
1567,0.02308,1875,1
1568,0.02222,1875,1
1569,0.02143,1875,1
1570,0.02069,1874.3,0
1571,0.02,1887.6,0
1572,0.01935,1887.6,0
1573,36912,1887.6,1
1574,36943,1887.6,1
1575,36971,1887.6,1
1576,37002,1943.2,0
1577,37032,1940.35,0
1578,37063,1931.95,0
1579,37093,1920.1,0
1580,37124,1862.9,0
1581,37155,1862.9,1
1582,37185,1862.9,1
1583,37216,1847.25,0
1584,37246,1841.25,0
1585,0.00366,1858.85,0
1586,0.0034,1841.75,0
1587,0.00317,1839,0
1588,0.00298,1839,1
1589,0.0028,1839,1
1590,0.00265,1833.05,0
1591,0.00251,1834.7,0
1592,0.00238,1856.6,0
1593,0.00227,1862.1,0
1594,0.00216,1852.7,0
1595,0.00207,1852.7,1
1596,0.00198,1852.7,1
1597,0.0019,1856.85,0
1598,0.00183,1856.6,0
1599,0.00176,1843,0
1600,0.0017,1853.7,0
1601,0.00164,1863.8,0
1602,0.00159,1863.8,1
1603,0.00154,1863.8,1
1604,37277,1862.95,0
1605,37308,1833.1,0
1606,37336,1835.45,0
1607,37367,1785.9,0
1608,37397,1802.95,0
1609,37428,1802.95,1
1610,37458,1802.95,1
1611,37489,1835.25,0
1612,37520,1839.6,0
1613,37550,1842.65,0
1614,37581,1840.1,0
1615,37611,1816.35,0
1616,0.00733,1816.35,1
1617,0.0068,1816.35,1
1618,0.00635,1817.3,0
1619,0.00595,1794.25,0
1620,0.0056,1780.7,0
1621,0.00529,1773.15,0
1622,0.00501,1786.2,0
1623,0.00476,1786.2,1
1624,0.00454,1786.2,1
1625,0.00433,1807.45,0
1626,0.00414,1799.65,0
1627,0.00397,1788,0
1628,0.00381,1779.65,0
1629,0.00366,1742.85,0
1630,0.00353,1742.85,1
1631,0.0034,1742.85,1
1632,37642,1734.15,0
1633,37673,1723.85,0
1634,37701,1711.4,0
1635,37732,1712.1,0
1636,37762,1696.25,0
1637,37793,1696.25,1
1638,37823,1696.25,1
1639,37854,1687.05,0
1640,37885,1716.9,0
1641,37915,1716.2,0
1642,37946,1724.25,0
1643,37976,1704.8,0
1644,0.01099,1704.8,1
1645,0.0102,1704.8,1
1646,0.00952,1723.65,0
1647,0.00893,1735,0
1648,0.0084,1729.65,0
1649,0.00794,1725.9,0
1650,0.00752,1735.2,0
1651,0.00714,1735.2,1
1652,0.0068,1735.2,1
1653,0.00649,1736.15,0
1654,0.00621,1726.2,0
1655,0.00595,1730.5,0
1656,0.00571,1737.3,0
1657,0.00549,1731.8,0
1658,0.00529,1731.8,1
1659,0.0051,1731.8,1
1660,0.00493,1705.95,0
1661,0.00476,1683.95,0
1662,0.00461,1691.05,0
1663,38007,1726.05,0
1664,38038,1726.05,1
1665,38067,1726.05,1
1666,38098,1726.05,1
1667,38128,1726.05,1
1668,38159,1744.65,0
1669,38189,1738.05,0
1670,38220,1755.5,0
1671,38251,1741.2,0
1672,38281,1741.2,1
1673,38312,1741.2,1
1674,38342,1732.85,0
1675,0.01465,1747.95,0
1676,0.01361,1735.55,0
1677,0.0127,1757.2,0
1678,0.0119,1774.45,0
1679,0.0112,1774.45,1
1680,0.01058,1774.45,1
1681,0.01003,1774.5,0
1682,0.00952,1777.85,0
1683,0.00907,1798.2,0
1684,0.00866,1787.75,0
1685,0.00828,1781.8,0
1686,0.00794,1781.8,1
1687,0.00762,1781.8,1
1688,0.00733,1773.35,0
1689,0.00705,1784.15,0
1690,0.0068,1772.2,0
1691,0.00657,1762.65,0
1692,0.00635,1767.65,0
1693,38373,1767.65,1
1694,38404,1767.65,1
1695,38432,1767.65,1
1696,38463,1797.75,0
1697,38493,1782.25,0
1698,38524,1813.15,0
1699,38554,1836.55,0
1700,38585,1836.55,1
1701,38616,1836.55,1
1702,38646,1840.45,0
1703,38677,1829.1,0
1704,38707,1830.7,0
1705,0.01832,1821.8,0
1706,0.01701,1838.1,0
1707,0.01587,1838.1,1
1708,0.01488,1838.1,1
1709,0.01401,1853.7,0
1710,0.01323,1866.75,0
1711,0.01253,1888.45,0
1712,0.0119,1878.3,0
1713,0.01134,1875.9,0
1714,0.01082,1875.9,1
1715,0.01035,1875.9,1
1716,0.00992,1880.15,0
1717,0.00952,1887,0
1718,0.00916,1899.75,0
1719,0.00882,1891.45,0
1720,0.0085,1899.95,0
1721,0.00821,1899.95,1
1722,0.00794,1899.95,1
1723,0.00768,1899.95,1
1724,38738,1899.35,0
1725,38769,1902.75,0
1726,38797,1866.55,0
1727,38828,1890.6,0
1728,38858,1890.6,1
1729,38889,1890.6,1
1730,38919,1888.4,0
1731,38950,1893.15,0
1732,38981,1894.6,0
1733,39011,1888.65,0
1734,39042,1881.05,0
1735,39072,1881.05,1
1736,0.02198,1881.05,1
1737,0.02041,1865.6,0
1738,0.01905,1865.1,0
1739,0.01786,1860.75,0
1740,0.01681,1778.7,0
1741,0.01587,1773.1,0
1742,0.01504,1773.1,1
1743,0.01429,1773.1,1
1744,0.01361,1775.05,0
1745,0.01299,1775.05,0
1746,0.01242,1791.6,0
1747,0.0119,1784.85,0
1748,0.01143,1786.65,0
1749,0.01099,1786.65,1
1750,0.01058,1786.65,1
1751,0.0102,1780.3,0
1752,0.00985,1755.45,0
1753,0.00952,1763.15,0
1754,39103,1781.5,0
1755,39134,1786.15,0
1756,39162,1786.15,1
1757,39193,1786.15,1
1758,39223,1791.35,0
1759,39254,1809.85,0
1760,39284,1804.65,0
1761,39315,1807.7,0
1762,39346,1806,0
1763,39376,1806,1
1764,39407,1806,1
1765,39437,1792.4,0
1766,0.02564,1813.85,0
1767,0.02381,1823.2,0
1768,0.02222,1823.75,0
1769,0.02083,1824.3,0
1770,0.01961,1824.3,1
1771,0.01852,1824.3,1
1772,0.01754,1814.9,0
1773,0.01667,1823.05,0
1774,0.01587,1802.15,0
1775,0.01515,1799.45,0
1776,0.01449,1799.6,0
1777,0.01389,1799.6,1
1778,0.01333,1799.6,1
1779,0.01282,1800.2,0
1780,0.01235,1800.35,0
1781,0.0119,1796.6,0
1782,0.01149,1829.3,0
1783,0.01111,1825.75,0
1784,0.01075,1825.75,1
1785,39468,1825.75,1
1786,39499,1811.45,0
1787,39528,1812.65,0
1788,39559,1829.1,0
1789,39589,1800.75,0
1790,39620,1762.9,0
1791,39650,1762.9,1
1792,39681,1762.9,1
1793,39712,1738.85,0
1794,39742,1723.35,0
1795,39773,1743.6,0
1796,39803,1747.4,0
1797,0.0293,1773.85,0
1798,0.02721,1773.85,1
1799,0.0254,1773.85,1
1800,0.02381,1786.35,0
1801,0.02241,1789.45,0
1802,0.02116,1783.45,0
1803,0.02005,1782.05,0
1804,0.01905,1779.05,0
1805,0.01814,1779.05,1
1806,0.01732,1779.05,1
1807,0.01656,1802,0
1808,0.01587,1808.45,0
1809,0.01524,1788.7,0
1810,0.01465,1786.6,0
1811,0.01411,1798.5,0
1812,0.01361,1798.5,1
1813,0.01314,1798.5,1
1814,0.0127,1798.5,1
1815,0.01229,1814.85,0
1816,39834,1811.8,0
1817,39865,1812.55,0
1818,39893,1823.7,0
1819,39924,1823.7,1
1820,39954,1823.7,1
1821,39985,1821.6,0
1822,40015,1802.15,0
1823,40046,1786,0
1824,40077,1788.25,0
1825,40107,1794.6,0
